{"_wandb":{"runtime":185},"best_logged_iteration":3986,"iteration":4000,"percent_complete":100,"loss":2.584511979610122,"latest_checkpoint":"data/save/cb_model/movie-corpus/2-2_500/4000_checkpoint.tar","_runtime":185,"final_batch_loss":2.584511979610122,"best_logged_loss":2.2770794304626882,"_timestamp":1.7732713791155086e+09,"checkpoint_iteration":4000,"_step":4007,"final_iteration":4000}